{
    "_comment": "camera parameter",
    "camera": [
        {
            "cx": 757.802495329467,
            "cy": 571.4438174442242,
            "distCoeffs": [
                        -0.05519215413463856,
                        -0.8125370038489476,
                        0.0009469701579929483,
                        0.0005806616774321835,
                        4.6242393271253395
            ],
            "fx": 1872.30887281643,
            "fy": 1873.0888862067231,
            "name": "pick_camera",
            "r_11": -0.005290310567376414,
            "r_12": -0.9999113359284166,
            "r_13": -0.012220183957272923,
            "r_21": 0.9996677370694755,
            "r_22": -0.005596525531324913,
            "r_23": 0.02516136650444389,
            "r_31": -0.02522752616675738,
            "r_32": -0.012083012200031645,
            "r_33": 0.9996087098158357,
            "serialNumber": "700009474060",
            "x_offset": 0.03168637307999406,
            "y_offset": 0.4811696894687044,
            "z_offset": -0.7454343607968468
        },
        {
            "cx": 758.5077495421463,
            "cy": 519.960968541238,
            "distCoeffs": [
                        -0.10951167062018284,
                        0.172254814749293,
                        0.0006851238272185154,
                        -0.00010006415756018595,
                        -0.034654029230969136
            ],
            "fx": 1869.3788468168623,
            "fy": 1868.852176928567,
            "name": "pick_camera",
            "r_11": -0.0038708366910082774,
            "r_12": -0.9999678069426832,
            "r_13": -0.007028634401628661,
            "r_21": 0.9995897458864889,
            "r_22": -0.004068649304714245,
            "r_23": 0.028351120108734057,
            "r_31": -0.028378804447970685,
            "r_32": -0.006916008319504958,
            "r_33": 0.9995733151135179,
            "serialNumber": "700009474066",
            "x_offset": 0.029923863444058008,
            "y_offset": 0.5761163563952334,
            "z_offset": -0.7471014291916453
        },
        {
            "cx": 765.0951608931813,
            "cy": 547.236064715081,
            "distCoeffs": [
                        -0.1832389203377906,
                        0.018726300934013177,
                        -0.0003758493855027052,
                        0.00041842583354552486,
                        0.5345678617065189
            ],
            "fx": 1698.1688160586534,
            "fy": 1698.602118110829,
            "name": "pick_camera",
            "r_11": -0.007975170032994016,
            "r_12": -0.9999520183289634,
            "r_13": -0.005688383142624885,
            "r_21": 0.9999577024345038,
            "r_22": -0.008001020190573953,
            "r_23": 0.004536189790849185,
            "r_31": -0.004581485005258745,
            "r_32": -0.005651965652982388,
            "r_33": 0.9999735322894321,
            "serialNumber": "700009474054",
            "x_offset": 4.8206572608067155e-05,
            "y_offset": -0.6138395916697599,
            "z_offset": -0.7606888942968136
        },
        {
            "cx": 745.508304704629,
            "cy": 535.3892508486163,
            "distCoeffs": [
                        -0.18089415012134535,
                        -0.04024061887799508,
                        -4.6387465454745007e-05,
                        -0.0009929350455714734,
                        0.8075408330184766
            ],
            "fx": 1694.6942139029024,
            "fy": 1695.5587565938151,
            "name": "pick_camera",
            "r_11": -0.008158914159308518,
            "r_12": -0.9999320139081345,
            "r_13": -0.008330647115526692,
            "r_21": 0.9999480519319736,
            "r_22": -0.008209377929797677,
            "r_23": 0.00604148586500918,
            "r_31": -0.006109464558567294,
            "r_32": -0.008280922389936345,
            "r_33": 0.9999470489816847,
            "serialNumber": "700009474069",
            "x_offset": 0.002197735841737103,
            "y_offset": -0.5171487302656887,
            "z_offset": -0.7589633492138018
        },
        {
            "cx": 680.448161,
            "cy": 525.449332,
            "distCoeffs": [
                        -0.0824728515,
                        0.123978357,
                        0.000165692564,
                        -5.21970144e-05,
                        -0.0719166882
            ],
            "fx": 1173.67935,
            "fy": 1173.31778,
            "name": "pick_camera",
            "r_11": -0.026876079268798325,
            "r_12": 0.999252899706954,
            "r_13": 0.027772626638138218,
            "r_21": -0.999106528005964,
            "r_22": -0.027757895152533643,
            "r_23": 0.03186918500006908,
            "r_31": 0.03261628518094828,
            "r_32": -0.02689129383174236,
            "r_33": 0.9991061186165608,
            "serialNumber": "700009474070",
            "x_offset": 0.4548665650601387,
            "y_offset": -0.11143452194886722,
            "z_offset": -0.8232781319014315
        },
        {
            "cx": 680.448161,
            "cy": 525.449332,
            "distCoeffs": [
                -0.0824728515,
                0.123978357,
                0.000165692564,
                -5.21970144e-05,
                -0.0719166882
            ],
            "fx": 1173.67935,
            "fy": 1173.31778,
            "name": "pick_camera",
            "r_11": -0.00554121,
            "r_12": -0.97160367,
            "r_13": 0.23654937,
            "r_21": 0.99997331,
            "r_22": -0.00425768,
            "r_23": 0.00593655,
            "r_31": -0.00476082,
            "r_32": 0.23657596,
            "r_33": 0.97160133,
            "serialNumber": "700009800251",
            "x_offset": 0.49491693,
            "y_offset": -0.13831763,
            "z_offset": -0.77805743
        }
    ]
}
